,tc,family,cf
Y1H6.cif,290,h-riched,Y1H6
Tb1H10.cif,277.8,h-riched,Tb1H10
Ca1Y1H12.cif,258,h-riched,Ca1Y1H12
La1H10.cif,254,h-riched,La1H10
H9Y1.cif,250,h-riched,H9Y1
Ce1H9.cif,145,h-riched,Ce1H9
Tb1H9.cif,226.3,h-riched,Tb1H9
H3S1.cif,203,h-riched,H3S1
Sc1H9.cif,180,h-riched,Sc1H9
Tb1H12.cif,170.5,h-riched,Tb1H12
H6La1.cif,170,h-riched,H6La1
H7Sc1.cif,169,h-riched,H7Sc1
H6Sr1.cif,156,h-riched,H6Sr1
Tb1H6.cif,148.3,h-riched,Tb1H6
La1Y3H24.cif,145,h-riched,La1Y3H24
Th1H9.cif,145,h-riched,Th1H9
Sc1H12.cif,141,h-riched,Sc1H12
H6Ta1.cif,135.8,h-riched,H6Ta1
97102.cif,134,cuprate,Ba2Ca2Cu3Hg1O8.35
80720.cif,133,cuprate,Ba2Ca2Cu3Hg1O8.41
Sc1H6.cif,129,h-riched,Sc1H6
80716.cif,127,cuprate,Ba2Ca1Cu2Hg1O6.22
B1H3.cif,125,h-riched,B1H3
68584.cif,118.975,cuprate,Ba2Ca2Cu3O10Tl2
Bi1H6.cif,113,h-riched,Bi1H6
H3Se1.cif,110,h-riched,H3Se1
66051.cif,108,cuprate,Bi1.6Ca2Cu3O10Pb0.4Sr2
Pb1H8.cif,107,h-riched,Pb1H8
74167.cif,105.2,cuprate,Ca0.8Cu2O7Pb0.5Sr2Tl0.5Y0.2
H4Te1.cif,104,h-riched,H4Te1
41654.cif,101,cuprate,Ba2Ca2Cu3Hg1O8.16
Sc1H4.cif,98,h-riched,Sc1H4
291054.cif,97,cuprate,Ba2Cu1Hg1O4.15
H14Sn1.cif,97,h-riched,H14Sn1
41639.cif,95.16,cuprate,Ba2Cu1Hg1O4.18
H4Y1.cif,95,h-riched,H4Y1
50096.cif,94.2,cuprate,Ba2Cu1Hg1O4.2
65923.cif,93,cuprate,Ba2Cu3La1O6.85
65423.cif,93,cuprate,Ba2Cu3O6.85Y1
H12Sn1.cif,93,h-riched,H12Sn1
Bi1H4.cif,93,h-riched,Bi1H4
81174.cif,92.475,cuprate,Ba2Cu3Ho1O7
78456.cif,92.45,cuprate,Ba2Cu3Gd1O6.99
74122.cif,92.3,cuprate,Ba2Cu3Dy1O6.9
81176.cif,92.033333,cuprate,Ba2Cu3Er1O7
41363.cif,92,cuprate,Ba2Cu3Er1O6.91
65395.cif,91.8,cuprate,Ba2Cu3Ho1O6.96
262809.cif,91.7375,cuprate,Ba2Cu3O6.93Y1
63326.cif,91.65,cuprate,Ba2Cu3O7.1Y1
99286.cif,91.1,cuprate,Ba1.8Cu3Nd1O6.96Sr0.2
Y1S1H6.cif,91,h-riched,Y1S1H6
65387.cif,91,cuprate,Ba2Cu3Er1O6.93
78453.cif,91,cuprate,Ba2Cu3Nd1O6.98
81177.cif,90.833333,cuprate,Ba2Cu3O7Tm1
97066.cif,90.575,cuprate,Ba2Cu3O6.97Y1
71730.cif,90,cuprate,Ba2Cu3O6.89Sm1
Ge1H8.cif,90,h-riched,Ge1H8
Ge1H3.cif,90,h-riched,Ge1H3
67342.cif,90,cuprate,Ba2Cu3Dy1O6.84
71731.cif,90,cuprate,Ba2Cu3O6.92Sm1
96778.cif,89.5125,cuprate,Ba2Cu3O6.98Y1
63336.cif,89.025,cuprate,Ba2Cu3O6.88Y1
85394.cif,88.85,cuprate,Ba2Cu1Hg1O4.27
75893.cif,88.65,cuprate,Ba2Cu3O6.82Y1
68188.cif,88.25,cuprate,Bi2Ca1Cu2O8Sr2
161972.cif,88.24,cuprate,Ba2Cu3Lu1O7
82833.cif,88.2,cuprate,Ba2Ca0.05Cu3O6.94Y0.95
65879.cif,88,cuprate,Ba2Cd0.25Cu1O6Tl1.75
75813.cif,87.357143,cuprate,Ba2Ca0.1Cu4O8Y0.9
69264.cif,87,cuprate,Ba4Cu7O15.03Y2
78626.cif,87,cuprate,Ba2Ca0.02Cu4O8Y0.98
74257.cif,86.25,cuprate,Ba2Ca0.07Cu4O8Y0.93
87093.cif,86,cuprate,Ba1.5Cu3O6.98Sr0.5Y1
72230.cif,86,cuprate,Ba1.6Ca0.1Cu4O8Sr0.4Yb0.9
H2S1.cif,75,h-riched,H2S1
99287.cif,86,cuprate,Ba1.6Cu3Nd1O6.94Sr0.4
74166.cif,84.5,cuprate,Ca1Cu2O7Pb0.5Sr2Tl0.5
290510.cif,84.1,cuprate,Ba2Cu3O7Pr0.1Y0.9
173902.cif,82,cuprate,Al0.11Ba2Cu2.89O7Y1
196272.cif,81.8,cuprate,Ba2Ca0.1Cu3O7Y0.9
82836.cif,81.1,cuprate,Ba2Ca0.1Cu3O6.91Y0.9
67128.cif,80.8,cuprate,Ba2Ca1Cu2O7Tl1
89198.cif,79.9,cuprate,Ba1.5Ca0.5Cu3La1O6.96
78622.cif,79.42,cuprate,Ba2Cu4O8Tm1
89167.cif,79.05,cuprate,Ba1.8Cu3La0.2O7Y1
78621.cif,78.8,cuprate,Ba2Cu4O8Yb1
63403.cif,78.2,cuprate,Ba2Cu3Er1O6.78
83140.cif,78.2,cuprate,Ba2Ca0.2Cu3O6.89Y0.8
181819.cif,78,cuprate,Ba1Cu3Er1O6.94Sr1
83921.cif,78,cuprate,Ba2Cu4O8Tb0.1Y0.9
85396.cif,78,cuprate,Ba2Cu1Hg1O4.31
67636.cif,77.7,cuprate,Ba1.8Cu4O8Sr0.2Y1
75688.cif,76.2,cuprate,Ba2Cu4Ho1O8
74132.cif,76,cuprate,Ba1Ca1Cu3La1O6.85
99288.cif,75,cuprate,Ba1.4Cu3Nd1O6.94Sr0.6
67637.cif,74.466667,cuprate,Ba2Cu4Dy1O8
83923.cif,72.025,cuprate,Ba2Cu4O8Pr0.1Y0.9
89182.cif,71.6,cuprate,Ba2Ca0.2Cu3O7Y0.8
74684.cif,71,cuprate,C1Cu2O10Pb0.5Sr4Tl0.5
83092.cif,70,cuprate,Ca2Cu3Ga1O9Sr2
173908.cif,69,cuprate,Ba2Cu2.7Fe0.3O7.1Y1
68055.cif,69,cuprate,Ba1.7Cu3Nd1.3O7
75743.cif,68,cuprate,C1Cu2Hg0.3O10Pb0.7Sr4
63428.cif,67.4,cuprate,Ba2Cu3Nd1O6.85
66497.cif,67.1,cuprate,Ba2Ca0.2Cu3O7Pr0.2Y0.6
99289.cif,66.9,cuprate,Ba1.2Cu3Nd1O6.97Sr0.8
75714.cif,66.785714,cuprate,Ba2Cu4O8Pr0.2Y0.8
96674.cif,64.9,cuprate,Ba2Cu1O6.16Tl2
85393.cif,64.5,cuprate,Ba2Cu1Hg1O4.01
75715.cif,63.666667,cuprate,Ba2Cu4O8Pr0.3Y0.7
Be1H2.cif,62,h-riched,Be1H2
173918.cif,61.966667,cuprate,Ba2Cu3O6.71Y1
82696.cif,61,cuprate,Ba2Ca0.2Cu3O6.49Y0.8
74401.cif,60.55,cuprate,Ba2Cu3O6.59Y1
81160.cif,60,cuprate,Ca0.8Cu2O6.862Sr2Tl1.2
63692.cif,59.626,cuprate,Ba2Cu3O6.61Y1
74246.cif,59.533333,cuprate,Ba2Cu3O6.64Y1
85391.cif,59,cuprate,Ba2Cu1Hg1O4.34
89169.cif,57.45,cuprate,Ba1.7Cu3La0.3O7Y1
75716.cif,55.25,cuprate,Ba2Cu4O8Pr0.4Y0.6
83088.cif,55,cuprate,Cu2.8O7Re0.2Sr2Y1
74271.cif,53.5,cuprate,C1Bi0.5Cu2O10Sr4Tl0.5
96010.cif,53,cuprate,Cu2Fe1O7.68Sr2Y1
81178.cif,51.7,cuprate,Ba2Cu3La0.5O7Pr0.5
164065.cif,51.45,iron-based,Nd1Fe1As1O0.85
75859.cif,51,cuprate,Cu2.7Fe0.3O7.1Sr2Y1
161279.cif,50.5,iron-based,Tb1Fe1As1O0.9F0.1
75717.cif,50.5,cuprate,Ba2Cu4O8Pr0.5Y0.5
202873.cif,50,cuprate,Ba2Ca0.2Cu3O6.1Y0.8
99282.cif,49.9,cuprate,Ba1Cu3Nd1O7.02Sr1
203120.cif,47.5,cuprate,Ba2Ca0.28Cu3O6Y0.72
74155.cif,47,cuprate,Ca0.15Cu3O8Pb2Sr2Y0.85
Fe1H5.cif,45.8,h-riched,Fe1H5
73485.cif,45.2,cuprate,Cu1La2O4.086
183514.cif,45,cuprate,Ce0.6Cu2Gd1.4O10Ru1Sr2
151637.cif,45,cuprate,B0.2Ba1Ca0.2Cu2.8O7Sr1Y0.8
65921.cif,45,cuprate,Ba2Cu2.9La1O6.82
56599.cif,44.333333,cuprate,Cu1F2O2Sr2
H1Te1.cif,44.2,h-riched,H1Te1
41498.cif,43,cuprate,Cu1La2O4.12
83054.cif,41.5,cuprate,Cu1O2Pr0.1Sr0.9
41986.cif,41.45,cuprate,Cu1La0.1O2Sr0.9
Tb1H4.cif,41.3,h-riched,Tb1H4
181533.cif,40.85,iron-based,Ce1Fe1As1O0.84F0.16
193980.cif,40.45,iron-based,Li0.8H1Fe1.2O1Se1
H1Se1.cif,40,h-riched,H1Se1
67712.cif,40,cuprate,Ba2Cu1O6.056Tl2
671985.cif,39,others,Mg1B2
161913.cif,38.4,others,B2Mg0.98
161914.cif,38.25,others,B2Li0.05Mg0.95
189035.cif,38,iron-based,Ba0.5K0.5Fe2As2
246536.cif,37.95,others,Al0.01B2Mg0.99
85259.cif,37.8,cuprate,Cu1La2O4.095
67105.cif,37.6,cuprate,Ca0.5Cu2O6.75Sm0.5Sr2Tl1
92883.cif,37.5,cuprate,Cu1Nd0.14O2Sr0.86
161915.cif,36.916667,others,B2Li0.1Mg0.9
189034.cif,36.85,iron-based,Ba0.7K0.3Fe2As2
186391.cif,36.466667,others,Al0.05B2Mg0.95
151663.cif,36.3,cuprate,Cu2Gd1O8Ru0.99Sr2Ti0.01
161917.cif,35.6,others,B1.96C0.04Li0.06Mg0.94
161916.cif,35.3,others,B2Li0.11Mg0.89
252344.cif,35,iron-based,Ca1Rb1Fe4As4
92882.cif,35,cuprate,Cu1Nd0.17O2Sr0.83
151668.cif,34.575,cuprate,Cu2Gd1O8Rh0.05Ru0.95Sr2
186392.cif,34.3,others,Al0.1B2Mg0.9
67081.cif,34.3,cuprate,Ba2Cu3Nd1O6.65
192305.cif,33.85,iron-based,As2Ba0.6Fe2Na0.4
186445.cif,33.65,iron-based,Pt5.8Ca10Fe8.2As18
602516.cif,33,others,Cs2Rb1C60
192306.cif,32.8,iron-based,Ba0.5Na0.5Fe2As2
163548.cif,32.6,iron-based,As1F0.2Fe1Nd1O0.8
Sc1Y1H6.cif,32.11,h-riched,Sc1Y1H6
69936.cif,32,cuprate,Cu1La1O5Sr1Tl1
74114.cif,32,cuprate,C0.85B0.15Cu1O5Sr2
69287.cif,32,cuprate,Cu1La2O4.05
97219.cif,32,cuprate,Ba0.112Cu1La1.85O4Sr0.038
97220.cif,31.7,cuprate,Ba0.114Cu1La1.842Nd0.008O4Sr0.036
186393.cif,31.5,others,Al0.15B2Mg0.85
657331.cif,31.15,others,Cs1Rb2C60
97221.cif,31.1,cuprate,Ba0.124Cu1La1.812Nd0.038O4Sr0.026
H4Ta1.cif,31,h-riched,H4Ta1
92378.cif,30.675,cuprate,Cu0.99La1.85Ni0.01O4Sr0.15
193610.cif,30.25,iron-based,Ba1Fe2P0.7As1.3
671448.cif,30.2,others,Al0.25B2Mg0.75
161918.cif,30.15,others,B1.84C0.16Li0.09Mg0.91
193597.cif,30.1,iron-based,Ba1Fe2P0.48As1.52
78635.cif,30.04,cuprate,Cu1La1.875O4Sr0.125
79061.cif,30,cuprate,Bi2Cu1La0.3O6Sr1.7
74270.cif,30,cuprate,C1Bi2Cu2O11Sr4
75694.cif,30,cuprate,Ce0.6Cu3Eu1.6O8.6Sr1.8
Bi1H1.cif,30,h-riched,Bi1H1
184666.cif,30,cuprate,Cu0.94La1.73O4Sr0.27Ti0.06
65865.cif,30,cuprate,Cu1La2O4.032
68893.cif,30,cuprate,Ca0.2Cu1La1.8O4
97210.cif,30,cuprate,Ba0.014Ca0.016Cu1La1.85O4Sr0.12
97222.cif,30,cuprate,Ba0.136Cu1La1.776Nd0.074O4Sr0.014
161920.cif,29.9,others,B1.88C0.12Li0.11Mg0.89
151669.cif,29.8,cuprate,Cu2Gd1O8Rh0.075Ru0.925Sr2
92384.cif,29.6,cuprate,Cu0.9La1.85Mg0.1O4Sr0.15
421388.cif,29,others,C60Rb4
671447.cif,28.71,others,Al0.2B2Mg0.8
192307.cif,28.7,iron-based,Ba0.4Na0.6Fe2As2
81186.cif,28.6,cuprate,Ba2Cu3Er0.5O7Pr0.5
161919.cif,28.5,others,B1.82C0.18Li0.1Mg0.9
97211.cif,28.5,cuprate,Ba0.026Ca0.034Cu1La1.85O4Sr0.09
189277.cif,28.475,iron-based,Sr1Fe2P0.7As1.3
189033.cif,28.45,iron-based,As2Ba0.75Fe2K0.25
Cr1H3.cif,28.2,h-riched,Cr1H3
74368.cif,28,others,K3H3C60N1
185432.cif,28,cuprate,Ca0.25Cu2Ga1O7Sr2Tm0.75
Mg1V1H6.cif,27.6,h-riched,Mg1V1H6
162823.cif,27.6,iron-based,As1Ce1F0.08Fe1O0.92
657329.cif,27,others,Rb2K1C60
97212.cif,27,cuprate,Ba0.04Ca0.05Cu1La1.85O4Sr0.06
74110.cif,26.9,cuprate,Ba0.17Cu1La1.83O4
184646.cif,26,iron-based,La1Fe1As1O0.95F0.05
189032.cif,26,iron-based,As2Ba0.76Fe2K0.24
184647.cif,25.061538,iron-based,As1F0.1Fe1La1O0.9
72266.cif,25,cuprate,Ce0.5Cu2Nb1O10Sm1.5Sr2
87976.cif,25,cuprate,Cu1La1.913O4Sr0.087
192308.cif,24.2,iron-based,As2Ba0.3Fe2Na0.7
602519.cif,24,others,Cs1K2C60
86969.cif,24,cuprate,Ca0.12Cu1La1.88O4
192304.cif,23.8,iron-based,As2Ba0.7Fe2Na0.3
72267.cif,23.5,cuprate,Ce0.5Cu2Eu1.5Nb1O10Sr2
189031.cif,23.5,iron-based,As2Ba0.78Fe2K0.22
97213.cif,23.5,cuprate,Ba0.06Ca0.074Cu1La1.85O4Sr0.016
26573.cif,23.2,others,Nb3Ge1
82339.cif,23.1,others,Bi1Ba0.542K0.458O3
79574.cif,23,others,Y1Ni2B2C1
261540.cif,22.9,others,Hf1Na0.28N1Cl1
671241.cif,22.6,others,Y1Pd2B2C1
657328.cif,22.4,others,Rb1K2C60
72265.cif,22.1,cuprate,Ce0.5Cu2Nb1Nd1.5O10Sr2
87288.cif,22.1,cuprate,Ce0.15Cu1Nd1.85O3.95
182331.cif,22,iron-based,Sr0.33Ca0.67Fe2As2
157552.cif,22,cuprate,Cu2Gd1Ir0.1O8Ru0.9Sr2
75780.cif,22,cuprate,Cu1La1.945O4Rb0.055
241438.cif,21.666667,iron-based,Eu1Ir0.28Fe1.72As2
153904.cif,21.2325,cuprate,Ce0.15Cu1Nd1.85O4
291424.cif,21,iron-based,As2Ca0.6Fe2Na0.4
169743.cif,20.8,iron-based,As1.06Ba1Fe2P0.94
196899.cif,20.2,others,Nb3Al0.75Ge0.25
263018.cif,20.125,iron-based,Ba2Ti2Fe2As4O1
184218.cif,20.05,iron-based,As2Ba1Co0.2Fe1.8
65919.cif,20,cuprate,Cu1La0.75O3.95Sm1Sr0.25
Tb1H3.cif,20,h-riched,Tb1H3
40515.cif,20,others,Ba0.54Bi1K0.46O3
261544.cif,19,others,Cl1Hf1N1Na0.29
57853.cif,18.5,others,Al0.9Ga0.1Nb3
Pu1Co1Ga5.cif,18.5,others,Pu1Co1Ga5
78216.cif,18.266667,cuprate,Cu1La1.925O4Sr0.075
635423.cif,18.2,others,V3Ga0.5Si0.5
72248.cif,18.057143,cuprate,Ce0.15Cu1O4Sm1.85
189030.cif,18,iron-based,As2Ba0.79Fe2K0.21
618377.cif,17.9,others,Nb1C0.5N0.5
645473.cif,17.846,others,Nb3Sn1
291812.cif,17.8,others,Nb1C0.35N0.65
291811.cif,17.75,others,C0.3N0.7Nb1
645513.cif,17.7,others,Zr0.9Nb2.1Sn1
291809.cif,17.6,others,C0.2N0.8Nb1
168586.cif,17,iron-based,Sc2Sr4Fe2P2O6
634746.cif,16.888889,others,Nb3Ga1
652507.cif,16.708333,others,V3Si1
261841.cif,16.533333,others,Mg0.05N0.92Nb0.95O0.08
290700.cif,16.475,iron-based,Li1Fe1As1
635621.cif,16.45,others,V1Ga1
618916.cif,16.4,others,Y1.4Th0.6C2.7
608716.cif,16.2,others,Nb3Al0.5Sn0.5
609358.cif,16.1,others,Al0.1Si0.9V3
261396.cif,16,iron-based,Sm1Ir0.15Fe0.85As1O1
181437.cif,15.966667,iron-based,As1Co0.1Fe0.9O1Sm1
671243.cif,15.880667,heavy-Fermion,Lu1Ni2B2C1
609356.cif,15.7,others,Al0.2Si0.8V3
92385.cif,15.6,cuprate,Cu0.8La1.85Mg0.2O4Sr0.15
198620.cif,15.5,others,Mo1Ni1P1
104022.cif,15.3,others,V0.75Ga0.25
191248.cif,15,iron-based,Fe1Se0.5Te0.5
86967.cif,15,cuprate,Ca0.08Cu1La1.92O4
619114.cif,14.85625,others,Y2C3
167966.cif,14.8,iron-based,Fe1Se0.42Te0.58
247616.cif,14.8,iron-based,As2Ca1Co0.126Fe1.874
192781.cif,14.7,others,Mo1C0.75
105101.cif,14.7,others,Mo0.4Tc0.6
15143.cif,14.6,others,Pb0.92Mo6S7.5
196898.cif,14.6,others,Al1Nb2.91Zr0.09
619102.cif,14.5,others,C2.9W0.2Y1.8
67871.cif,14.4,cuprate,Ba1.55Ca0.2Cu3La1.25O6.99
184640.cif,14.333333,iron-based,Fe1Se0.3Te0.7
181438.cif,14.3,iron-based,As1Co0.125Fe0.875O1Sm1
185467.cif,14.3,others,Fe1.03Se0.5Te0.5
184641.cif,14.1,iron-based,Fe1Se0.4Te0.6
160627.cif,14,cuprate,Ba2Cu3Nd1O6.6
74111.cif,14,cuprate,Ba0.24Cu1La1.76O4
259577.cif,13.975,cuprate,Cu0.97La1.85Ni0.03O4Sr0.15
57865.cif,13.9,others,V3Al0.1Ga0.9
673853.cif,13.9,others,V3In1
618369.cif,13.8,others,C2.9Mo0.2Y1.8
248697.cif,13.7,iron-based,Sr1.8Ca0.2V1Fe1As1O3
168773.cif,13.6,iron-based,Fe1.02Se0.2Te0.8
197020.cif,13.6,others,Al0.6Nb3Sn0.4
105224.cif,13.5,others,Nb1Ru3
100599.cif,13.4,others,Mo6S6Br2
169971.cif,13.3,iron-based,Fe1Se0.75Te0.25
181436.cif,13.3,iron-based,As1Co0.075Fe0.925O1Sm1
184639.cif,13.225,iron-based,Fe1Se0.25Te0.75
77223.cif,13.2,others,W0.2Nb0.8C1
391192.cif,13.0325,heavy-Fermion,La3Ni2B2N3
619390.cif,13,others,Ca1Li2
619128.cif,13,others,C2.9Y1.8Zr0.2
57864.cif,12.9,others,V3Al0.5Ga0.5
151672.cif,12.9,cuprate,Cu2Gd1O8Rh0.2Ru0.8Sr2
184638.cif,12.9,iron-based,Fe1Se0.2Te0.8
653292.cif,12.8,others,Ti0.013V0.987
69484.cif,12.8,cuprate,Ce0.17Cu1Nd1.83O4
105081.cif,12.75,others,Re0.3Mo0.7
168767.cif,12.7,iron-based,Fe1.02Se0.15Te0.85
196888.cif,12.7,others,C1Mo0.15Nb0.85
186655.cif,12.66,iron-based,As1Co0.075Fe0.925La1O1
644289.cif,12.6,others,Mo6Sn1S8
612206.cif,12.5,others,Pt0.3Au0.7Nb3
16075.cif,12.5,others,Nb1P1S1
644106.cif,12.45,others,Pb1Mo6S8
617561.cif,12.4,others,C2.9Cr0.2Y1.8
186654.cif,12.01,iron-based,As1Co0.05Fe0.95La1O1
602525.cif,12,others,Cs1Li2C60
Hf1H2.cif,12,h-riched,Hf1H2
105102.cif,12,others,Mo0.3Tc0.7
236296.cif,12,others,C0.681Mo1
79037.cif,12,cuprate,Cu1La1.35O4Sm0.45Sr0.2
168766.cif,11.9,iron-based,Fe1.03Se0.1Te0.9
635420.cif,11.9,others,Ga0.8Si0.2V3
154982.cif,11.872727,others,Li1Ti2O4
192303.cif,11.8,iron-based,As2Ba0.8Fe2Na0.2
53035.cif,11.796667,others,Hf1Ru1P1
Zr1H3.cif,11.7,h-riched,Zr1H3
196889.cif,11.673,others,C1Mo0.85Nb0.15
105080.cif,11.633333,others,Mo0.6Re0.4
78872.cif,11.6,others,Y2C2Br0.5I1.5
184635.cif,11.5,iron-based,Fe1Se0.075Te0.925
619086.cif,11.5,others,C2.9V0.2Y1.8
91024.cif,11.421667,others,Bi1Sr0.4K0.6O3
641461.cif,11.233333,others,La1Mo6Se8
182595.cif,11.23,others,Ba1Bi0.3O3Pb0.7
618750.cif,11.2,others,C2.7Ru0.2Y1.8
608026.cif,11.17,others,V3Al0.3Ge0.7
650562.cif,11.165,others,Zr2Rh1
618498.cif,11.1,others,Ta0.5Nb0.5C1
197839.cif,11.0225,others,Os1Mo3
186656.cif,11.02,iron-based,As1Co0.1Fe0.9La1O1
104744.cif,11,others,Mg0.1Li0.9
290595.cif,11,iron-based,Ba1Fe2Se3
H1Zr1.cif,11,h-riched,H1Zr1
168770.cif,11,iron-based,Fe1.04Se0.05Te0.95
106145.cif,10.99,others,Tc0.95V0.05
651832.cif,10.9,others,Sc1Tc2
181439.cif,10.875,iron-based,As1Co0.15Fe0.85O1Sm1
246434.cif,10.8,heavy-Fermion,Er0.8Lu0.2Ni2B2C1
618514.cif,10.8,others,C2.7Nb0.2Y1.8
618965.cif,10.7,others,C2.7Ti0.2Y1.8
104229.cif,10.67,others,Hf0.84Nb0.16V2
618149.cif,10.66,others,La2C3
628435.cif,10.615,others,Mo6Cu2S8
Cr1H1.cif,10.6,h-riched,Cr1H1
617983.cif,10.6,others,C2.7Ge0.2Y1.8
671242.cif,10.5,others,Y1Pt2B2C1
103963.cif,10.5,others,Ga0.2Si0.8V3
104276.cif,10.45,others,Hf0.87Ta0.13V2
106148.cif,10.4,others,Tc0.9W0.1
618235.cif,10.3,others,Lu0.2Th1.8C3
610778.cif,10.3,heavy-Fermion,La1Ru4As12
671240.cif,10.25,heavy-Fermion,La1Pt2B2C1
675032.cif,10.2,others,Pt2Sr1Ge2
618809.cif,10.2,others,C2.7Sn0.2Y1.8
198760.cif,10.1,others,Hf0.5Zr0.5V2
611658.cif,10.1,others,Au0.2C2.6Y1.8
15790.cif,10.05,others,Li1.1O4Ti1.9
184636.cif,10.033333,iron-based,Fe1Se0.1Te0.9
42917.cif,10,others,Mo3Al2C1
105079.cif,10,others,Mo0.75Re0.25
180544.cif,10,iron-based,As1Ce1Co0.1Fe0.9O1
180604.cif,10,iron-based,Fe1S0.1Te0.9
189028.cif,10,iron-based,As2Ba0.825Fe2K0.175
400298.cif,9.985,others,Y2C2I2
77414.cif,9.92,others,Ta0.8W0.2C1
642618.cif,9.9,heavy-Fermion,Lu1Tc2
670749.cif,9.85,others,Zr1N1
104514.cif,9.8,others,Ir2Nb3
196575.cif,9.8,others,C1Nb0.25Ta0.75
16306.cif,9.733333,others,Zr1Ru1Si1
52462.cif,9.7,others,Si0.6Sn0.4V3
164574.cif,9.659,heavy-Fermion,Tm1Ni2B2C1
107019.cif,9.61,heavy-Fermion,La3In1
645227.cif,9.516429,others,Pt1Nb3
616399.cif,9.51,others,Re1Be22
672496.cif,9.5,others,Nb1
246431.cif,9.465833,heavy-Fermion,B2C1Er1Ni2
616530.cif,9.35,others,Bi0.2C2.9Y1.8
248787.cif,9.25,others,La1Bi1O0.5S2F0.5
612203.cif,9.226364,others,Au1Nb3
23578.cif,9,others,Zr1Ru1Ge1
644856.cif,8.95,others,V1N1
637485.cif,8.946667,others,Y5Os4Ge10
638675.cif,8.905,others,Hf0.5Nb0.5
642071.cif,8.905,heavy-Fermion,La3Tl1
259507.cif,8.86,others,Zr0.6Nb0.4
423220.cif,8.8,others,Y1Tc2
69481.cif,8.8,cuprate,Ce0.15Cu1La1Nd0.85O4
104280.cif,8.8,others,Hf0.8Ti0.2V2
35593.cif,8.716667,others,Zr1Ru1As1
33819.cif,8.7,others,Pb0.85Bi0.15Ba1O3
635421.cif,8.7,others,Ga0.4Si0.6V3
637920.cif,8.7,others,Ge0.4Si0.6V3
653019.cif,8.7,others,Tc0.875Ti0.125
58827.cif,8.63,others,Pb0.7Bi0.3
253417.cif,8.6,others,Ta0.25Nb0.25Ti0.5
645351.cif,8.6,others,Nb5Sb4
671192.cif,8.593333,others,Mo1Ga4
186653.cif,8.58,iron-based,As1Co0.025Fe0.975La1O1
281412.cif,8.5,others,Ba7.76Si46
26251.cif,8.5,others,Nb4N5
291808.cif,8.5,others,C0.1N0.9Nb1
648037.cif,8.496154,others,Zr1Ru1P1
600713.cif,8.45,others,Yb1Mo6S8
650269.cif,8.405,others,Sc5Rh4Si10
657556.cif,8.4,others,Ca5C60
653405.cif,8.346667,others,Zr1V2
641938.cif,8.326,others,La3Se4
640980.cif,8.311429,others,Sc5Ir4Si10
196699.cif,8.3,others,Nb3Si0.5Sn0.5
174552.cif,8.253333,heavy-Fermion,La1Pt4Ge12
187693.cif,8.2,others,Nb1Si1As1
617689.cif,8.2,others,C3Er0.2Th1.8
616896.cif,8.15,others,Bi0.2Pb0.8
196332.cif,8.1425,others,Ba8Si46
Tb1H2.cif,8.06,h-riched,Tb1H2
58829.cif,8.05,others,Pb0.375Bi0.625
640823.cif,8.031,others,Ir1Mo3
84513.cif,8,others,K2Na1H3C60N1
604606.cif,8,others,Os1Zr1As1
640787.cif,7.915,heavy-Fermion,Sc2.5Lu2.5Ir4Si10
640836.cif,7.9,others,Ir1Nb1
174554.cif,7.876,heavy-Fermion,Pr1Pt4Ge12
604422.cif,7.833333,heavy-Fermion,Yb3Rh4Sn13
72249.cif,7.75,cuprate,Ce0.15Cu1Eu1.85O4
181483.cif,7.7,others,Re1Hg0.44O3
253810.cif,7.7,others,W1Rb0.33O3
600661.cif,7.7,others,Mo6Ag1S8
76559.cif,7.7,others,Nb4Ni1Si1
239393.cif,7.666667,others,Na0.33V2O5
650551.cif,7.65,others,Zr3Rh1
156465.cif,7.61,others,Li2Pd3B1
23858.cif,7.6,others,Mo4.8C0.6Si3
653041.cif,7.6,others,Zr1Tc2
104690.cif,7.575,heavy-Fermion,La1Os2
79575.cif,7.532353,heavy-Fermion,Ho1Ni2B2C1
251846.cif,7.5,others,Ba8Ga16Ge30
165077.cif,7.5,others,Zr3V3O1
188287.cif,7.5,others,Nb2In1C1
181442.cif,7.5,iron-based,As1Fe0.96Ni0.04O1Sm1
58931.cif,7.4775,others,Ca3Rh4Sn13
618304.cif,7.4,others,Mo3C2
161789.cif,7.4,iron-based,Fe1Se0.92
67426.cif,7.38,cuprate,Bi2Cu1O6Sr2
180606.cif,7.36625,iron-based,Fe1S0.2Te0.8
641204.cif,7.365,others,Ir1Zr2
100785.cif,7.316,heavy-Fermion,La1Ru3Si2
53567.cif,7.3,others,Nb3Ga0.5Ge0.5
640030.cif,7.3,others,Ti2In1N1
Tb1H1.cif,7.3,h-riched,Tb1H1
180607.cif,7.28,iron-based,Fe1S0.25Te0.75
104763.cif,7.2,others,Pb1Li1
105602.cif,7.2,others,Pt1Pb1
182834.cif,7.2,others,Na1Al1Si1
82335.cif,7.2,others,Ba0.4Bi1K0.6O3
169556.cif,7.1,iron-based,Ba1Ru0.76Fe1.24As2
H2Ta1.cif,7.1,h-riched,H2Ta1
246433.cif,7.1,heavy-Fermion,B2C1Er0.8Ni2Tb0.2
650176.cif,7.05,others,Re0.83Ti0.17
191273.cif,7,others,Pb1Ca1
70062.cif,7,others,Ba6C60
236950.cif,7,heavy-Fermion,La1Ge5
H2Ti1.cif,7,h-riched,H2Ti1
165983.cif,6.99,iron-based,Fe1Se0.99
659009.cif,6.966667,heavy-Fermion,Th1Ni2B2C1
619385.cif,6.95,others,Ir4Ca3Sn13
641633.cif,6.923333,heavy-Fermion,La1Ru4P12
672014.cif,6.91125,others,Mg1Ni3C1
130023.cif,6.9,heavy-Fermion,La5B2C6
638107.cif,6.86,others,Ge1V3
632825.cif,6.8,others,Nb4Fe1Si1
291700.cif,6.79,others,Ag0.9Sn1.1S0.2Se1.8
263006.cif,6.78,heavy-Fermion,Lu1Si3
105907.cif,6.75,others,W0.65Re0.35
196983.cif,6.75,others,Hg0.15Pb0.85
645246.cif,6.75,others,Nb0.25Re0.75
641457.cif,6.73,others,La1Mo6S8
648638.cif,6.73,others,Pb0.85Tl0.15
56782.cif,6.725714,others,La3S4
291692.cif,6.72,others,Ag0.76Se2Sn1.24
108010.cif,6.7,others,Au0.125Sb0.75Te0.125
77553.cif,6.7,others,W0.5Ti0.5C1
418391.cif,6.7,others,Sr1Al1Ge1
246810.cif,6.7,heavy-Fermion,La1Si10
184634.cif,6.7,iron-based,Fe1Se0.05Te0.95
618775.cif,6.7,others,C3Sc0.2Th1.8
106076.cif,6.6925,others,Ta3Sn1
672464.cif,6.666666667,others,Si1
650177.cif,6.6,others,Re24Ti5
659011.cif,6.6,heavy-Fermion,Th1Pt2B2C1
186657.cif,6.6,iron-based,As1Co0.125Fe0.875La1O1
67406.cif,6.59,heavy-Fermion,Sc1Lu4Ir4Si10
191387.cif,6.52,others,Zr2Co0.95Cu0.05
105228.cif,6.5,others,Nb3Si0.6Sn0.4
641011.cif,6.5,heavy-Fermion,Th1Ir1Si1
610771.cif,6.5,heavy-Fermion,La4As3
601565.cif,6.496667,others,Yb1C6
105148.cif,6.45,others,Al0.9Ge0.1
291697.cif,6.415,others,Ag0.81Se2Sn1.19
108145.cif,6.4,others,Ca1Rh2
644389.cif,6.38,others,Y1Mo6Se8
650212.cif,6.366667,others,Re2Zr1
641991.cif,6.358286,heavy-Fermion,La1Sn3
157439.cif,6.318,others,Os2Rb1O6
417662.cif,6.3,others,Ba1Al1Ge1
653267.cif,6.29,others,Th0.25Zr0.75
640204.cif,6.28,others,Pb0.4In0.6
16316.cif,6.233333,others,Mo3Se4
650413.cif,6.2,others,Sr1Rh2
603209.cif,6.2,heavy-Fermion,La3Sn1
192215.cif,6.125,others,Nb2Pd1S5
150742.cif,6.11,heavy-Fermion,Th1Ir2
194235.cif,6.1,others,Ir4Ba3Ge16
653296.cif,6.09,others,Ti1V1
191388.cif,6.07,others,Co0.9Cu0.1Zr2
281413.cif,6,others,Ba6.63Si46
108149.cif,6,others,Ba1Rh2
153549.cif,6,others,Mg1Al1Si1
291998.cif,6,others,Nb4Co1Si1
600676.cif,6,others,Yb1Mo6Se8
88210.cif,6,others,Zr1V1Ge1
180104.cif,6,iron-based,Sr4Mg1Ti1Fe2As2O6
157584.cif,6,heavy-Fermion,Pr1Pt2B2C1
404168.cif,6,heavy-Fermion,La9B3C6Br5
670737.cif,6,heavy-Fermion,La1Cu1
181444.cif,6,iron-based,As1Fe0.92Ni0.08O1Sm1
247282.cif,6,iron-based,Fe1.035Se0.22Te0.78
621980.cif,5.998273,heavy-Fermion,Ce1Ru2
608280.cif,5.986667,heavy-Fermion,La3Al1
105983.cif,5.95,others,Rh0.07Zr0.93
640562.cif,5.95,others,In0.75Sn0.25
237706.cif,5.936667,others,Mo3P1
628449.cif,5.9,others,Mo6Cu1Se8
191389.cif,5.88,others,Co0.85Cu0.15Zr2
644485.cif,5.84,others,Tl1Mo3Te3
603198.cif,5.82,heavy-Fermion,La3Ga1
638751.cif,5.815,others,Hf1Os1P1
15058.cif,5.8,others,Mo8P5
417473.cif,5.8,others,Y3Os8B6
44489.cif,5.8,others,Mo5B2Si1
635402.cif,5.8,others,Ta4Ga1Se8
181440.cif,5.8,iron-based,As1Co0.175Fe0.825O1Sm1
648639.cif,5.8,others,Pb0.6Tl0.4
291699.cif,5.79,others,Ag1S0.2Se1.8Sn1
619211.cif,5.75,others,Ca3Co4Sn13
58634.cif,5.745,others,Bi3Ba1
60072.cif,5.7,others,Zr2Ru3Si4
617156.cif,5.7,others,Bi3Sr1
641065.cif,5.7,others,Ir2Sr1
674044.cif,5.7,others,Ga1As1
105157.cif,5.62,others,Pb3Na1
651684.cif,5.611667,others,Ti3Sb1
43994.cif,5.6,others,Pt3Ba0.67B2
638956.cif,5.6,others,Hf1Tc2
670698.cif,5.6,others,Ti1N1
108108.cif,5.584,others,Bi1In2
291695.cif,5.57,others,Ag0.92Se2Sn1.08
105632.cif,5.55,heavy-Fermion,Th1Pb3
23247.cif,5.527455,others,Ga1
410838.cif,5.52,others,Rh17S15
640569.cif,5.5,others,In3Sn1
247832.cif,5.492222,heavy-Fermion,Lu2Fe3Si5
162724.cif,5.458571,iron-based,La1Fe1P1O1
191390.cif,5.41,others,Co0.8Cu0.2Zr2
58110.cif,5.4,others,Os4Al13
261871.cif,5.4,heavy-Fermion,La2Sn5
618108.cif,5.4,others,C3Ho0.2Th1.8
647720.cif,5.3525,others,Os1P1Zr1
104655.cif,5.343,others,La1
104499.cif,5.325,others,Ir1Mo1
414514.cif,5.3,heavy-Fermion,La1Ir1P1
192298.cif,5.3,iron-based,As2Ba0.85Fe2Na0.15
106124.cif,5.28,others,Ta0.17Zr0.83
291694.cif,5.245,others,Ag0.95Se2Sn1.05
616438.cif,5.21,others,Be22Tc1
638810.cif,5.203333,others,Hf1Re2
251038.cif,5.2,others,Mg4Al1Si3
52288.cif,5.2,others,Tl7Sb2
192129.cif,5.2,others,Bi0.9Sb0.1
641110.cif,5.185,others,Ir1Ti3
160797.cif,5.17,others,Pt4Ba1Ge12
104729.cif,5.15,others,La0.8Th0.2
57484.cif,5.1,others,Rh1Ti1Si1
600059.cif,5.1,others,Re1Nb1Si1
614832.cif,5.09,others,Re1Mo1B1
181396.cif,5.083333,others,Pt2Sr1As2
108146.cif,5.075,others,Ir2Ca1
78871.cif,5.05,others,Y2C2Br2
616698.cif,5.05,others,Bi0.1In0.9
56649.cif,5.033571,heavy-Fermion,Dy1Ni2B2C1
650166.cif,5.025,heavy-Fermion,Th1Re2
53801.cif,5.016667,others,Se1
641056.cif,5.016667,others,Ir4Sr3Sn13
186177.cif,5,others,Na1C2
166382.cif,5,others,Sr1Ga1Si1
H1Se2.cif,5,h-riched,H1Se2
H1Pd1.cif,5,h-riched,H1Pd1
191041.cif,5,iron-based,Br0.18Fe1Se0.82
191042.cif,5,iron-based,Br0.3Fe1Se0.7
648950.cif,4.993333,others,Y1Pd2Sn1
710023.cif,4.99,others,Zr1P1.4S0.6
247248.cif,4.965,iron-based,Li1Fe1P1
89181.cif,4.96,cuprate,Ba0.13Cu1La1.87O4
168817.cif,4.95,heavy-Fermion,Np1Pd5Al2
160383.cif,4.9,others,Bi1Sn1
51997.cif,4.9,others,Nb3In1
617101.cif,4.898,others,Bi2Se3
191391.cif,4.89,others,Co0.75Cu0.25Zr2
641764.cif,4.875,heavy-Fermion,La3Ru1
239116.cif,4.846,others,Bi4O4S3
108341.cif,4.83,others,Cr0.1Nb0.9
624958.cif,4.81,others,Sc5Co4Si10
195012.cif,4.8,others,Rb2Cr3As3
43662.cif,4.75,others,Re3B1
670639.cif,4.75,others,Sr1Al1Si1
670941.cif,4.75,others,Bi2Cs1
104509.cif,4.75,others,Ir1.05Nb0.95
105642.cif,4.72,others,Y1Pb3
189911.cif,4.71,heavy-Fermion,Th1Pt4Ge12
105723.cif,4.71,others,Pd0.2Ti0.8
150518.cif,4.7,others,Y1Os2
259535.cif,4.7,others,Y1B12
76622.cif,4.7,others,Ir1Ge1
Li1Au1H1.cif,4.69,h-riched,Li1Au1H1
640828.cif,4.675,others,Ir1.15Nb0.85
104724.cif,4.67,others,La0.5Th0.5Sn3
614694.cif,4.655,heavy-Fermion,Lu1Os3B2
659391.cif,4.655,others,Ag1Se2Sn1
192214.cif,4.64,others,Nd1Bi1O0.7S2F0.3
613642.cif,4.64,heavy-Fermion,Dy1Ir2Rh2B4
648003.cif,4.635,others,Ta1Rh1P1
263005.cif,4.63,others,Y1Si3
647766.cif,4.6,others,Sc1Os2
430063.cif,4.6,others,Bi2Ba1Ti2O1
604082.cif,4.6,others,Pb3Zr5
671819.cif,4.5975,others,Nb1B2
53119.cif,4.575,others,Tl2Mo6Se6
633446.cif,4.57,others,Sc2Fe3Si5
105074.cif,4.56,others,Mo0.8Pt0.2
644439.cif,4.54,others,Mo0.6V2.4Si1
44650.cif,4.51,others,In0.4Sn0.6Te1
648318.cif,4.5,others,Zr3P1
78969.cif,4.5,others,Y2Al1Ge3
634056.cif,4.49,others,Fe0.3V1.7Zr1
652831.cif,4.4625,others,V3Sn1
10035.cif,4.45,others,V2Cu1S4
615326.cif,4.448,heavy-Fermion,Th1Rh4B4
170218.cif,4.44,others,Bi3Ba2
59466.cif,4.435,others,In0.9Pb0.1
153662.cif,4.425,heavy-Fermion,Lu2Ir3Si5
104536.cif,4.41,heavy-Fermion,Th1Os0.6Ir1.4
57505.cif,4.4,others,Sc1Au2Al1
600060.cif,4.4,others,Ta1Re1Si1
40427.cif,4.4,heavy-Fermion,La2Rh3Si5
191392.cif,4.39,others,Co0.7Cu0.3Zr2
71217.cif,4.38,others,Ta4Pd3Te16
44868.cif,4.35,others,Rh1Se2
641749.cif,4.35,heavy-Fermion,La1Rh1Si1
612239.cif,4.325,others,Au1Pb3
109266.cif,4.3,others,Hf5Re24
419206.cif,4.3,others,Ba1Sn3
69004.cif,4.3,others,Mo15Se19
672890.cif,4.28,others,Ta1Si1
102798.cif,4.25,others,Au1Tl2
263004.cif,4.25,others,Ca1Si3
58850.cif,4.25,others,Bi2Rb1
645173.cif,4.25,others,Nb1Rh1P1
166381.cif,4.2375,others,Ca1Ga1Si1
603189.cif,4.226667,heavy-Fermion,La3Co1
650389.cif,4.216667,others,Sr3Rh4Sn13
673904.cif,4.2,others,Ge1P1
1244.cif,4.189,others,Bi3In5
183119.cif,4.15,heavy-Fermion,Ce1Bi2Ni0.8
44436.cif,4.14,others,Lu0.5Th0.5Os3B2
105597.cif,4.13,others,Y1Pb1Pd2
160315.cif,4.126667,others,O3Rb0.2W1
616499.cif,4.12,others,W1Be22
614804.cif,4.1125,others,Mo2B1
651263.cif,4.1,others,Tl1V6S8
153880.cif,4.1,others,Y1Bi2Ni0.82
104609.cif,4.1,others,Ir2Zr1
163909.cif,4.0875,others,Ir19Mg10B16
641647.cif,4.086667,heavy-Fermion,La1Pb3
104438.cif,4.06,others,Ho0.1Pd2Sn1Y0.9
166383.cif,4.05,others,Ba1Ga1Si1
648506.cif,4.05,others,Pb1Sb1
105702.cif,4.03,others,Pd2Sn1Y0.7Yb0.3
642029.cif,4.0275,others,La3Te4
26387.cif,4,others,Mo15In3.3Se19
104319.cif,4,others,Hg2Mg1
261651.cif,4,others,Ba1Ge3
602892.cif,4,others,Ta1B1
H2Nb1.cif,4,h-riched,H2Nb1
H2Sc1.cif,4,h-riched,H2Sc1
Zr4H15.cif,4,h-riched,Zr4H15
650643.cif,3.98,heavy-Fermion,Th1Ru3Si2
636535.cif,3.9475,others,Ge1
76150.cif,3.94125,others,Te1
58821.cif,3.935,others,Bi3Ni1
618496.cif,3.933333,others,Nb2C1Sn1
40795.cif,3.933333,heavy-Fermion,La1Ru2P2
108126.cif,3.93,others,Bi0.05Sn0.95
641095.cif,3.93,heavy-Fermion,Th1Ir5
67810.cif,3.93,others,Ba1Bi0.35O3Pb0.65
151898.cif,3.9,others,V6In1S8
165617.cif,3.9,others,Sr1Sn3Sb4
617917.cif,3.9,others,Mo2Ga1C1
637488.cif,3.9,others,Y3Os4Ge13
82529.cif,3.9,others,Ba2Sn3Sb6
619112.cif,3.895429,others,Y1C2
651574.cif,3.89,others,Sb0.08Sn0.92
103677.cif,3.88875,heavy-Fermion,U6Fe1
650205.cif,3.875,others,Re24Zr5
635683.cif,3.85,others,Zr5Ga3
674718.cif,3.835,others,W2C1
192296.cif,3.833333,heavy-Fermion,La1Pt1Si1
640790.cif,3.82,heavy-Fermion,Lu5Ir4Si10
639037.cif,3.81,others,Hg0.5In0.5
26597.cif,3.81,others,Sn1O1
76567.cif,3.81,others,Nb3S4
104300.cif,3.81,others,Hg1In1
108164.cif,3.8,others,Re1Mo1C2
618713.cif,3.8,others,W1Re1C2
196227.cif,3.8,others,Ta5B2Ge1
57480.cif,3.8,others,Re2Si1
76344.cif,3.8,others,Y1Ge2
628767.cif,3.794,others,Rh2Cu1S4
644122.cif,3.77,others,Pb1Mo6Se8
656168.cif,3.76,others,Au1Pb2
674882.cif,3.755,others,Sn1As1
252019.cif,3.75,others,Ir1Li2Si3
150755.cif,3.746667,others,Bi1Pd1
82070.cif,3.74,heavy-Fermion,La6Zn1Sb15
642550.cif,3.72,heavy-Fermion,Lu5Rh4Si10
641777.cif,3.7032,heavy-Fermion,La1Ru2
416365.cif,3.7,others,Mo5Ru1Se8
650868.cif,3.7,others,Ta1S1Se1
646550.cif,3.7,others,Tl1Ni2Se2
74704.cif,3.695,others,Ta1Pb1Se2
150740.cif,3.68,heavy-Fermion,Th1Ru2
59464.cif,3.675,others,Pb1In1
57906.cif,3.66,others,Hf1Pd2Al1
59555.cif,3.64,others,Tl0.75In0.25
640555.cif,3.625,others,In0.05Sn0.95
640895.cif,3.61,heavy-Fermion,Ir1Os1Th1
23786.cif,3.6,others,Ir1Mo2B2
55065.cif,3.6,others,Bi1K1
617900.cif,3.6,others,Y2Fe1C4
636927.cif,3.6,heavy-Fermion,Lu3Os4Ge13
641498.cif,3.6,heavy-Fermion,La3Ni1
657383.cif,3.6,heavy-Fermion,La1Sn2
672003.cif,3.6,heavy-Fermion,Yb1Sn3
80200.cif,3.586667,iron-based,Pr1Fe1P1O1
58794.cif,3.575,others,Bi2K1
635645.cif,3.57,others,V2Ga5
H3Ru1.cif,3.57,h-riched,H3Ru1
76162.cif,3.5375,others,Sr1
180269.cif,3.525,others,Sc2Sr4Ni2P2O6
650662.cif,3.51,others,Y1Ru3Si2
638584.cif,3.5,others,Hf1Ir1Si1
642165.cif,3.5,others,Li3Mo15Se19
30526.cif,3.5,others,Bi4Te3
603458.cif,3.5,others,Nd1Mo6S8
641184.cif,3.5,others,Y1Ir3
641785.cif,3.5,heavy-Fermion,La1Ru2Si2
189025.cif,3.5,iron-based,As2Ba0.9Fe2K0.1
197757.cif,3.5,others,Sn0.1Tl0.9
642481.cif,3.49,heavy-Fermion,Lu1Os2
629373.cif,3.465,heavy-Fermion,Th2Cu1
602898.cif,3.4625,others,Rh2Cu1Se4
422403.cif,3.46,others,Sc1Ir1P1
653749.cif,3.45,others,Cu1Al1
625483.cif,3.44,others,Ti2Co1
108135.cif,3.4,others,Hf0.5Mo0.5C1
262736.cif,3.4,others,Ca1Ge3
58122.cif,3.4,others,Zr1Pd2Al1
603586.cif,3.4,others,Mo6Sn1Se8
66771.cif,3.4,others,Sr3Rh8B6
636837.cif,3.4,heavy-Fermion,La1Pt1Ge1
41810.cif,3.38,others,W1.75Ru1.25B2
58602.cif,3.365,heavy-Fermion,Th2Au1
609200.cif,3.35,others,Re24Al5
671418.cif,3.35,others,Zr3Ni1
99244.cif,3.34,heavy-Fermion,Ce1Ir3
618218.cif,3.33,others,Lu1C2
106082.cif,3.33,heavy-Fermion,Th1Sn3
237004.cif,3.32,others,Ir2Cu0.8Zn0.2S4
640018.cif,3.32,others,In3Mo15Se19
644273.cif,3.3,others,Mo3S2Se2
185377.cif,3.3,others,Ir1Ca1Si3
659684.cif,3.3,others,Ru1Cr3
197493.cif,3.3,heavy-Fermion,Th1N1
108755.cif,3.3,others,Th0.2Zr0.8
625996.cif,3.3,heavy-Fermion,Cr0.2Fe0.8U6
641783.cif,3.293333,heavy-Fermion,La1Ru4Sb12
104376.cif,3.28,others,Hg3Zr1
246507.cif,3.27,others,Os2Cs1O6
652176.cif,3.25,others,Y1Se1
608265.cif,3.23,heavy-Fermion,La1Al2
59560.cif,3.223,others,In0.8Tl0.2
259578.cif,3.2005,cuprate,Cu0.96La1.85Ni0.04O4Sr0.15
610652.cif,3.2,others,Hf1Os1As1
644115.cif,3.2,others,Pb1Mo6S4Se4
51974.cif,3.2,others,Mg2In1
610776.cif,3.2,heavy-Fermion,La1Os4As12
191914.cif,3.19,others,Re7B3
600489.cif,3.175,others,Bi3Rh1
600058.cif,3.15,others,Ta1Ru1Si1
645115.cif,3.15,others,Nb1Ni2Sn1
417472.cif,3.15,heavy-Fermion,La3Ru8B6
59556.cif,3.12,others,In0.1Tl0.9
671780.cif,3.1,others,Hf1B1
186558.cif,3.1,others,Zr1B1
618127.cif,3.1,others,Ti2In1C1
190485.cif,3.1,heavy-Fermion,La3Rh4Sn13
193890.cif,3.1,heavy-Fermion,La1Ir1As1
246432.cif,3.1,heavy-Fermion,B2C1Co0.1Er1Ni1.9
168583.cif,3.075,others,La1Fe4P12
645279.cif,3.07,others,Nb0.9Rh1.1
105697.cif,3.06,heavy-Fermion,Y0.25Tm0.75Pd2Sn1
672137.cif,3.055,others,Mo1Ge2
44343.cif,3.05,others,Ru7B3
104817.cif,3.05,heavy-Fermion,Lu1Pd2Sn1
423290.cif,3.025,heavy-Fermion,La2Sb1
612246.cif,3.02,others,Au0.5Pb2Pd0.5
259588.cif,3.02,others,Cd1Ge1As2
58504.cif,3.02,others,Sc1Au2In1
659960.cif,3.01,others,Pd1Te1
196975.cif,3.005,others,Pt1V3
641029.cif,3.005,others,Y2Ir3Si5
183370.cif,3,others,Ni3Zn1N1
391427.cif,3,others,La1Ni1P1O1
614933.cif,3,heavy-Fermion,Nd1B6
186658.cif,3,iron-based,As1Co0.15Fe0.85La1O1
645263.cif,3,others,Nb0.85Rh1.15
189036.cif,2.9965,iron-based,K1Fe2As2
105590.cif,2.98,others,Pb2Pd1
164763.cif,2.97,others,Mo3Sb7
647876.cif,2.95,others,Os2Zr1
629705.cif,2.95,heavy-Fermion,Dy1Ga6
237005.cif,2.95,others,Cu0.7Ir2S4Zn0.3
617054.cif,2.94,others,Bi0.5Sb0.5
426890.cif,2.94,others,Bi14Rh3
673464.cif,2.925,others,Ga1N1
409466.cif,2.91,others,Ba1Bi0.1O3Pb0.9
641033.cif,2.906667,others,Y5Ir4Si10
166390.cif,2.9,others,Ba1Al1Sn1
153099.cif,2.9,others,Ba8Cu4Si42
193616.cif,2.9,others,Y1Fe2Si2
195266.cif,2.9,others,Nb4Ga1Se8
635137.cif,2.9,others,Pt3Ga7
181157.cif,2.892,others,Sr1Pd2Ge2
202190.cif,2.891667,others,Li0.9Mo6O17
674394.cif,2.89,others,La1Ni1C2
103902.cif,2.87,others,Zr1Ni2Ga1
645153.cif,2.86,others,Os1Nb1
645148.cif,2.86,others,Nb0.5Os0.5
652552.cif,2.84,others,W3Si2
649849.cif,2.835,others,Y1Pt2
648942.cif,2.82,heavy-Fermion,Pd2Sn1Tm1
291085.cif,2.8,others,Ce0.5Bi1Sr0.5S2F1
644325.cif,2.8,others,Mo6Zn1S8
648397.cif,2.8,others,Pt1Pb4
636934.cif,2.79,heavy-Fermion,Lu5Rh4Ge10
Li6Au1H1.cif,2.79,h-riched,Li6Au1H1
75610.cif,2.786667,heavy-Fermion,Lu1Ni1B1C1
615212.cif,2.78,others,Pt3Sr0.67B2
636767.cif,2.76,others,Y5Ir4Ge10
648282.cif,2.76,others,W3P1
180270.cif,2.75,others,Sc2Sr4Ni2As2O6
41090.cif,2.75,others,Nb1Sn1.17S3.17
615755.cif,2.75,others,Zr1B2
65652.cif,2.75,others,Mo4P3
644511.cif,2.743,others,Zr1Mo2
645269.cif,2.742333,others,Nb3Rh1
246448.cif,2.728,others,Pt3Li2B1
616739.cif,2.715,others,Ir1Bi2
163836.cif,2.71,others,La1Ni1As1O1
641028.cif,2.7,others,Y1Ir1Si1
40760.cif,2.7,others,Y2Rh3Si5
637671.cif,2.7,others,Re1Ge2
73331.cif,2.7,others,W5Si3
658217.cif,2.7,heavy-Fermion,La1Pd1Sb2
196836.cif,2.7,others,Nb0.75Rh1.25
85408.cif,2.686667,others,Ba1Ni2P2
291925.cif,2.68,others,Y1Au1.3Pd0.7In1
102802.cif,2.66,others,Pb2Rh1
65053.cif,2.66,others,Pd34Se11
614695.cif,2.66,heavy-Fermion,Lu1Os1B2
56261.cif,2.6575,others,Au2Pb1
600057.cif,2.65,others,Nb1Ru1Si1
423134.cif,2.65,heavy-Fermion,La3Ru4Sn13
601577.cif,2.6475,heavy-Fermion,Sm1Rh4B4
645495.cif,2.64,others,Nb1Sn2
622571.cif,2.6,others,Co2Cu1S4
37186.cif,2.6,others,Ag1Te3
642164.cif,2.6,others,Li2Mo15Se19
76293.cif,2.6,others,Y3Pt4Ge6
247662.cif,2.6,heavy-Fermion,La1Ni2P2
601099.cif,2.6,heavy-Fermion,Lu1Ge2
609502.cif,2.6,heavy-Fermion,Th3Al2
656946.cif,2.59,heavy-Fermion,La7Rh3
653269.cif,2.58,others,Th0.1Zr0.9
614648.cif,2.57,heavy-Fermion,La1Rh3B2
181435.cif,2.565,iron-based,As1Co0.05Fe0.95O1Sm1
603457.cif,2.55,others,Pr1Mo6S8
603036.cif,2.55,heavy-Fermion,La3Ir4Sn13
636714.cif,2.55,heavy-Fermion,Lu5Ir4Ge10
616336.cif,2.5275,others,Be22Mo1
58817.cif,2.516667,others,Bi1Nb3
657555.cif,2.5,others,K1Na2C60
80202.cif,2.5,iron-based,Sm1Fe1P1O1
616773.cif,2.5,heavy-Fermion,La4Pb2Bi1
193887.cif,2.5,heavy-Fermion,La1Rh1P1
625310.cif,2.5,heavy-Fermion,Yb3Co4Sn13
635498.cif,2.5,heavy-Fermion,Tb1Ga6
105206.cif,2.5,others,Nb0.9Pt0.1
246415.cif,2.493333,heavy-Fermion,La3Pd4Ge4
640781.cif,2.47,heavy-Fermion,Lu1Ir2
58796.cif,2.4625,others,Bi1Li1
251015.cif,2.46,others,Ca1Al0.74Si1.26
643855.cif,2.4525,heavy-Fermion,U6Mn1
645476.cif,2.435,others,Nb6Sn5
645243.cif,2.43,others,Nb0.4Re0.6
59187.cif,2.425,others,Pt1Sr1As1
172793.cif,2.425,heavy-Fermion,La3Co4Sn13
26570.cif,2.41,heavy-Fermion,Th1Si1
620174.cif,2.4,others,Mo6Cd1Se8
615870.cif,2.4,others,Ba1Ga1Ge1
431419.cif,2.4,heavy-Fermion,La1Rh1Al1
642559.cif,2.4,heavy-Fermion,Lu1Ru2Si2
674810.cif,2.4,others,Re0.15W0.85
648956.cif,2.39,heavy-Fermion,Yb1Pd2Sn1
611222.cif,2.3825,heavy-Fermion,Pr1Ru4As12
649158.cif,2.36,others,Zr2Pd1
108323.cif,2.358,heavy-Fermion,U6Co1
610989.cif,2.353333,others,Nb3As1
659383.cif,2.35,others,Ag1In2
88075.cif,2.35,others,Y1Ge3
641780.cif,2.35,heavy-Fermion,La5Ru2
640737.cif,2.33,heavy-Fermion,La7Ir3
615923.cif,2.32,others,Hg1Ba1
86764.cif,2.308333,others,Zr1Te3
180963.cif,2.3,others,Pt1Ca1Si3
42981.cif,2.3,others,Nb2Se3
58722.cif,2.3,others,Be2Nb3
616395.cif,2.3,others,Pt1Be5
637963.cif,2.3,others,Ta1Ge2
616772.cif,2.3,heavy-Fermion,La4Pb1Bi2
636932.cif,2.3,heavy-Fermion,Lu3Rh4Ge13
636939.cif,2.3,heavy-Fermion,Lu3Ru4Ge13
640758.cif,2.3,heavy-Fermion,La1Ir1Si1
58501.cif,2.3,others,Au1In1Pd1Y1
43358.cif,2.29,others,Cd1Sn1As2
641557.cif,2.285,heavy-Fermion,La1Pt0.5Ni0.5Si1
638749.cif,2.27,others,Hf1Os2
673097.cif,2.25,others,Bi1Na1
103659.cif,2.25,heavy-Fermion,Lu1Ga3
604624.cif,2.245,heavy-Fermion,La1Rh1Si3
150516.cif,2.23,others,Y1Ru2
414303.cif,2.225,others,Ir2Ga9
605927.cif,2.225,heavy-Fermion,Th2Ag1
42118.cif,2.22375,others,Cu1Se2
615149.cif,2.22,others,Y1Os1B2
641013.cif,2.215,heavy-Fermion,Th1Ir2Si2
169422.cif,2.206,others,In1Te1
636552.cif,2.2,others,Hf1Ge2
105891.cif,2.2,others,Sc5Re24
642439.cif,2.2,others,Lu1Mo6S8
641650.cif,2.2,heavy-Fermion,La3Pb13Rh4
637137.cif,2.1792,others,Mo3Ge1
58721.cif,2.15,others,Be2Nb1
650458.cif,2.15,heavy-Fermion,Th7Rh3
105675.cif,2.145,others,Sc1Pd2Sn1
106121.cif,2.133333,others,Ta1V2
197176.cif,2.133333,others,W2B1
104607.cif,2.13,others,Ir1Zr3
640740.cif,2.13,heavy-Fermion,La1Ir5
53891.cif,2.12,others,Rh5Ge3
53900.cif,2.116667,others,Y3Ru4Ge13
104219.cif,2.11,others,Hf0.93Mo0.07
633003.cif,2.1,others,U6Fe0.5Ni0.5
426417.cif,2.1,others,Nb3Pd0.7Se7
619329.cif,2.1,others,Ca3Rh4Ge13
635332.cif,2.1,others,Sc1Ga3
641257.cif,2.1,others,K2Mo15Se19
649556.cif,2.1,others,Pt1Sb1
651959.cif,2.1,others,Ta1Se3
673848.cif,2.1,others,Ir2Ba1P2
192249.cif,2.1,heavy-Fermion,La1Bi2Pd0.85
193321.cif,2.1,heavy-Fermion,Ce1Pt2In7
641512.cif,2.1,heavy-Fermion,La7Ni3
Os1H1.cif,2.1,h-riched,Os1H1
259579.cif,2.1,cuprate,Cu0.95La1.85Ni0.05O4Sr0.15
650601.cif,2.09,others,Sc1Ru2
44425.cif,2.09,heavy-Fermion,Th1Ir3B2
262509.cif,2.08,others,Ca1Ni1B1N1
74877.cif,2.08,iron-based,Cs1Fe2As2
156998.cif,2.065,heavy-Fermion,La3Pd4Si4
650786.cif,2.053333,others,Zr1Ru2
198654.cif,2.051667,heavy-Fermion,Ce1Au2Si2
165970.cif,2.05,heavy-Fermion,La1B6
97214.cif,2.05,cuprate,Ba0.076Ca0.074Cu1La1.8Nd0.05O4
58942.cif,2.04,others,Tl3Ca1
617008.cif,2.04,others,Bi1Rh1
641044.cif,2.04,others,Ir1Zr1Si1
102108.cif,2.037308,heavy-Fermion,Ce1Co1In5
625638.cif,2.033333,others,Y4Co3
102839.cif,2.02,others,Ru1Cr2
633908.cif,2.016667,heavy-Fermion,Th7Fe3
104033.cif,2,others,Y1Ga6
180617.cif,2,others,Nb2C1As1
36377.cif,2,others,Ba1Pd2As2
58582.cif,2,others,Sc1Au1
77805.cif,2,others,Sn1P1
44440.cif,2,heavy-Fermion,Lu1Ru4B4
1717.cif,2,others,O3Tl0.3W1
72618.cif,2,others,Cs0.3O3W1
108016.cif,1.99,others,Au0.3Te0.7
242164.cif,1.983333,iron-based,Rb1Fe2As2
105479.cif,1.981667,others,Zr2Ni1
105197.cif,1.98,others,Nb0.8Pd0.2
24046.cif,1.98,others,O3Rb0.27W1
57072.cif,1.976667,heavy-Fermion,La1Ge2
675364.cif,1.975,others,In1N1
105406.cif,1.975,heavy-Fermion,Th7Ni3
108608.cif,1.97,others,Mo1Rh1
634508.cif,1.97,heavy-Fermion,La1Ni1Ga2
657554.cif,1.966667,others,Rb1Na2C60
58854.cif,1.966667,others,Bi4Rh1
77939.cif,1.96,heavy-Fermion,La1Ni1B1N1
647817.cif,1.95,others,Ta1Os1
641036.cif,1.949167,others,Y1Ir2Si2
43281.cif,1.9425,others,Nb3Se4
415594.cif,1.916667,heavy-Fermion,La1Rh1Sn1
612077.cif,1.9,others,Y1Au2In1
651405.cif,1.9,others,Y1S1
656306.cif,1.9,others,Zr5Sn3
230025.cif,1.9,heavy-Fermion,Lu1Pt2Si2
650397.cif,1.9,heavy-Fermion,Th3Rh4Sn13
181441.cif,1.895,iron-based,As1Co0.2Fe0.8O1Sm1
44432.cif,1.88,others,Y0.5La0.5Rh3B2
174267.cif,1.875,others,Pt1Ba1Si3
237698.cif,1.87,heavy-Fermion,Ge1.8La1
657574.cif,1.864,heavy-Fermion,U1Pd2Al3
173375.cif,1.86,others,B1I3
633011.cif,1.85,others,Zr2Fe0.5Ni0.5
150654.cif,1.85,others,U0.9Mo0.1
105625.cif,1.85,others,Pb3Sr1
2734.cif,1.85,others,Li1Cu2P2
58149.cif,1.85,others,Re1Al6
104709.cif,1.85,heavy-Fermion,La2Rh3Sn5
610156.cif,1.838,others,Cr1As1
195017.cif,1.835,others,Pt2Ba1Sb2
641768.cif,1.835,heavy-Fermion,La7Ru3
150517.cif,1.83,others,Y1Re2
625427.cif,1.815,heavy-Fermion,Th7Co3
41272.cif,1.8,others,Ta1Bi1.09Se3.09
629112.cif,1.8,others,Cu1Se1Te1
24190.cif,1.8,others,Ir3Te8
252376.cif,1.8,others,Mo6S8
253703.cif,1.8,others,Bi1Cu1
612672.cif,1.8,others,Y1B2C2
620169.cif,1.8,others,Mo6Cd1S8
647956.cif,1.8,heavy-Fermion,Pr1Ru4P12
58462.cif,1.79,others,Au0.85Pd0.15Ga2
44574.cif,1.79,heavy-Fermion,Th1Ru3B2
645157.cif,1.78,others,Os2Nb3
648371.cif,1.78,others,Tl1Pb1Pd1
58396.cif,1.775,others,Au1Be1
52284.cif,1.77,others,Au2Bi1
650136.cif,1.76,others,Y2Re3Si5
104695.cif,1.75,heavy-Fermion,La1Tl1.5Pb1.5
602553.cif,1.7475,others,La1C2
645534.cif,1.746667,others,Nb3Te4
635132.cif,1.74,others,Pt1Ga1
638828.cif,1.72,others,Hf2Rh1
647807.cif,1.72,others,Os1Zr1Si1
650085.cif,1.71,others,Sc1Re2
429727.cif,1.7,others,Ir4Ca3Ge4
619308.cif,1.7,others,Ir4Ca3Ge13
639074.cif,1.7,others,Hg3Li1
625521.cif,1.7,heavy-Fermion,U1Co1
642540.cif,1.7,heavy-Fermion,Lu1Re2
670654.cif,1.68,others,Y1Ga2
52344.cif,1.675,others,W3O1
641017.cif,1.675,others,Ir1Ti1Si1
183171.cif,1.666667,others,Rh1C1
604623.cif,1.658,heavy-Fermion,La1Rh2Si2
110778.cif,1.652222,heavy-Fermion,Ce1Rh1In5
194347.cif,1.65,others,Au1Sr1Si3
637142.cif,1.65,others,Mo5Ge3
44422.cif,1.65,heavy-Fermion,La1Ir3B2
104602.cif,1.635,others,Y1Ir2
618840.cif,1.63,others,Ta2C1
628836.cif,1.625,others,Cu1S1Se1
104327.cif,1.62,others,Hg2Na1
42554.cif,1.61,others,Pd1Te2
641179.cif,1.61,others,Y3Ir2
647731.cif,1.60125,heavy-Fermion,Pr1Os4Sb12
58900.cif,1.6,others,Hg1Ca1
603451.cif,1.6,others,Gd1Mo6S8
619356.cif,1.6,others,Hg3Ca1
629953.cif,1.6,others,Dy1Mo6S8
643172.cif,1.6,heavy-Fermion,U6Mn0.33Ni0.67
198006.cif,1.6,heavy-Fermion,La1Si2
646714.cif,1.6,heavy-Fermion,Sm1Ni1
674395.cif,1.5975,others,Os1B2
633652.cif,1.595,others,Y2Fe3Si5
67581.cif,1.585,others,Cu1S1
42597.cif,1.58,others,Pd1Sb1
649780.cif,1.58,others,Pt1Tl2
650143.cif,1.58,others,Re0.65Ta0.35
612699.cif,1.57,others,Pt3Ca0.67B2
649646.cif,1.57,others,Y1Pt2Si2
642070.cif,1.566667,heavy-Fermion,La1Tl3
191902.cif,1.56,others,Ta2B1
640973.cif,1.55,others,Sc1Ir2
659992.cif,1.55,others,Sr1Si2
672758.cif,1.55,others,Cr1
676068.cif,1.55,others,Al1N1
642558.cif,1.545,heavy-Fermion,Lu1Ru2
634779.cif,1.54,others,Nb1Ni2Ga1
183018.cif,1.535,others,Y1Te1
264386.cif,1.533333,others,Ce1Bi1O1S2
628790.cif,1.5325,others,Cu1S2
44575.cif,1.53,others,Y0.5Th0.5Ru3B2
621428.cif,1.53,heavy-Fermion,Ce1Ir1Si3
648009.cif,1.525,others,Zr1Rh1P1
653336.cif,1.52,others,Y1Tl3
641096.cif,1.52,heavy-Fermion,Th7Ir3
636745.cif,1.51,heavy-Fermion,Th1Ir2Ge2
647834.cif,1.51,heavy-Fermion,Th7Os3
168862.cif,1.5,others,Sr1Pd1Ge3
640011.cif,1.5,others,Mo15In2Se19
651785.cif,1.5,others,Zr5Sb3
94194.cif,1.5,others,Sr2Ru1O4
104725.cif,1.5,heavy-Fermion,La1Tl1.5Sn1.5
636699.cif,1.5,heavy-Fermion,La1Ir2Ge2
105579.cif,1.5,others,Os0.1W0.9
337.cif,1.48,others,Y3Rh2
642022.cif,1.48,others,La1Te1
641661.cif,1.48,heavy-Fermion,La7Pd3
90703.cif,1.475,others,Ba24Si100
38342.cif,1.473333,heavy-Fermion,La1Ir1Si3
58724.cif,1.47,others,Be17Nb2
618656.cif,1.47,others,U2Pt1C2
616991.cif,1.45,others,Pt1Bi1Se1
104556.cif,1.45,heavy-Fermion,Th1Ir1.2Ru0.8
641715.cif,1.4325,heavy-Fermion,La1Pt2Si2
52303.cif,1.43,others,Sn1Sb1
230026.cif,1.425,others,Eu3Bi2S4F4
674033.cif,1.425,others,C1Si1
85406.cif,1.415,others,Sr1Ni2P2
640832.cif,1.4075,others,Ir1Nb3
644398.cif,1.402,others,Mo3Si1
201695.cif,1.4,others,Br2
44644.cif,1.4,others,In4Sb1Te3
602358.cif,1.4,others,K1Cu4S3
615147.cif,1.4,others,Y1Os1B4
615406.cif,1.4,others,Y1Ru4B4
650354.cif,1.4,others,Y1Rh2Si2
260033.cif,1.4,heavy-Fermion,La3Pd5Si1
633602.cif,1.3825,heavy-Fermion,Tm2Fe3Si5
76560.cif,1.38,others,Nb1O1
53424.cif,1.375,others,Eu1
624539.cif,1.37,others,U6Co0.5Ni0.5
106190.cif,1.36,others,Ti0.3Zr0.7
616410.cif,1.35,others,Be2Ru1
634759.cif,1.35,others,Nb5Ga3
637728.cif,1.35,others,Y5Rh4Ge10
615126.cif,1.34,others,Sc1Os1B2
649057.cif,1.32,others,Tl2Pd1
620856.cif,1.32,heavy-Fermion,Ce1Cu2Ge2
77792.cif,1.315,others,Ru1Ti1P1
672132.cif,1.306667,others,Co1Si2
639830.cif,1.3,others,K2Mo15In1Se19
281728.cif,1.3,others,Na0.5Nb1S2
608629.cif,1.3,others,Nb3Al2N1
629329.cif,1.3,others,Cu1Te2
634281.cif,1.3,others,Sr1Ga1Ge1
637839.cif,1.3,others,Sc1Ge2
161758.cif,1.3,heavy-Fermion,Ce1Bi1Pd1
189724.cif,1.3,heavy-Fermion,La1Pd2Sb2
651750.cif,1.3,heavy-Fermion,Yb1Sb2
108680.cif,1.29,others,W0.4Pd0.6
104822.cif,1.27,others,Lu0.275Rh0.725
672715.cif,1.27,others,Ca1Pd2As2
612356.cif,1.25,others,Au1Sn1
77109.cif,1.25,others,Pd1Sb2
52898.cif,1.25,heavy-Fermion,Ce1Ru3Si2
197253.cif,1.245,others,Au1Zn3
15014.cif,1.24,others,Sn4P3
90433.cif,1.24,others,Pt1Nb1Si1
198657.cif,1.231538,heavy-Fermion,U1Ru2Si2
78264.cif,1.23,heavy-Fermion,La1Ni1Si1
58845.cif,1.21,others,Pt1Bi1
611867.cif,1.2,others,Au1Ga1
657497.cif,1.2,others,I2
426369.cif,1.2,others,Nb2Pd0.67Se5
605669.cif,1.2,others,Th2Pd0.5Ag0.5
104303.cif,1.2,others,Hg2K1
44655.cif,1.2,others,In3Te4
616961.cif,1.2,others,Bi1Pd1Te1
93906.cif,1.2,others,Pd1Sb1Te1
612635.cif,1.2,heavy-Fermion,Lu1B2C2
640764.cif,1.198333,heavy-Fermion,La1Ir2Si2
649677.cif,1.19,others,Pt1Sn4
51958.cif,1.19,heavy-Fermion,La1In1.5Sn1.5
104693.cif,1.18,heavy-Fermion,La1Pb1.5Sn1.5
236470.cif,1.175,heavy-Fermion,La1N1
197927.cif,1.17,heavy-Fermion,Er1Pd2Sn1
658347.cif,1.17,heavy-Fermion,Yb1Pd2Ge2
106157.cif,1.161429,others,Th1
638834.cif,1.15,others,Hf1Rh1Si1
42549.cif,1.15,others,Pt1Bi1Te1
611190.cif,1.15,others,Pd2As1
254472.cif,1.13,others,Pd3Ag2S1
634320.cif,1.12,others,Hf1Ni2Ga1
601555.cif,1.12,others,Ir1V2B2
100193.cif,1.12,others,Cs0.32O3W1
198771.cif,1.1125,heavy-Fermion,Ce1Co2
28445.cif,1.102857,others,Re2Cd2O7
659574.cif,1.1,others,Bi2Rh1
642575.cif,1.1,others,Lu1S1
645349.cif,1.1,others,Nb3Sb1
647804.cif,1.1,others,Y1Os2Si2
648834.cif,1.1,others,Pd17Se15
650661.cif,1.1,others,Y1Ru2Si2
53884.cif,1.1,heavy-Fermion,Th1Pd2Ge2
53895.cif,1.1,heavy-Fermion,Th1Rh2Ge2
57486.cif,1.1,heavy-Fermion,U1Rh2Si2
603982.cif,1.1,heavy-Fermion,Th1Os2Si2
636754.cif,1.1,heavy-Fermion,U1Ir2Ge2
637475.cif,1.1,heavy-Fermion,Th1Os2Ge2
637658.cif,1.1,heavy-Fermion,Th1Pt2Ge2
637761.cif,1.1,heavy-Fermion,Th1Ru2Ge2
641026.cif,1.1,heavy-Fermion,U1Ir2Si2
649630.cif,1.1,heavy-Fermion,Th1Pt2Si2
650332.cif,1.1,heavy-Fermion,Th1Rh2Si2
650642.cif,1.1,heavy-Fermion,Th1Ru2Si2
77899.cif,1.1,heavy-Fermion,Th1Pd2Si2
106218.cif,1.08,others,W2Zr1
58016.cif,1.075,others,Nb1Ni2Al1
671587.cif,1.073333,heavy-Fermion,La1Ag1
650532.cif,1.07,others,Y1Rh3
650738.cif,1.07,others,Ru1Ti1
170775.cif,1.05,heavy-Fermion,La1Mg2
259488.cif,1.04,others,Ta0.8W0.2
59484.cif,1.04,others,Y1Pd2In1
104735.cif,1.04,heavy-Fermion,La1Zn1
81760.cif,1.04,heavy-Fermion,La1Pd2Ge2
108566.cif,1.03,heavy-Fermion,Th1In1.5Sn1.5
659142.cif,1.021,heavy-Fermion,U1Ni2Al3
27104.cif,1.02,others,La1Se1
59472.cif,1,others,Y1Pb1.5In1.5
168863.cif,1,others,Pt1Sr1Ge3
171030.cif,1,others,Pd1Sb1Se1
616431.cif,1,others,Ta3Be2
616956.cif,1,others,Bi1Pd1Se1
672491.cif,1,others,Fe1
673850.cif,1,others,Ba1Rh2P2
658208.cif,1,heavy-Fermion,La1Ni1Sb2
H3Sc1.cif,1,h-riched,H3Sc1
81745.cif,0.99,others,Y1Fe2Ge2
56051.cif,0.99,heavy-Fermion,U5Ge3
604343.cif,0.97,heavy-Fermion,La1Pd2As2
430061.cif,0.964,others,Ba1Ti2Sb2O1
30837.cif,0.96,others,Y1Pd2P2
59569.cif,0.96,others,Y1In3
616957.cif,0.96,others,Bi2Pd3Se2
641018.cif,0.95,heavy-Fermion,Tm5Ir4Si10
649242.cif,0.945,heavy-Fermion,Pr1Ru4Sb12
609676.cif,0.94,heavy-Fermion,Yb1Al3
104313.cif,0.935,others,Hg1Mg1
15016.cif,0.93,others,Pd1Si1
412573.cif,0.93,others,Ir1Sn4
151402.cif,0.925,others,Mg1Zn1
190704.cif,0.92,others,Sr1Pd2As2
58747.cif,0.917755,heavy-Fermion,U1Be13
621955.cif,0.914,heavy-Fermion,Ce1Rh1Si3
671673.cif,0.906667,others,Y1Pt1Bi1
102816.cif,0.9,others,Ta2Ni1
58589.cif,0.9,others,Au5Sn1
611576.cif,0.9,others,W1As2
80091.cif,0.9,others,Ti1Se2
248481.cif,0.9,heavy-Fermion,La1Pt1Bi1
641615.cif,0.9,heavy-Fermion,La1Os4P12
658225.cif,0.9,heavy-Fermion,La1Cu1Sb2
168134.cif,0.8825,others,Sr1Ni2Ge2
104898.cif,0.88,others,Mg2Zn11
649603.cif,0.88,others,Pt1Si1
53656.cif,0.87,others,Ir3Ge7
638705.cif,0.87,others,Hf2Ni1
106159.cif,0.87,heavy-Fermion,Th1Tl3
104265.cif,0.865,others,Hf1Rh1
674894.cif,0.8508,others,Zn1
52843.cif,0.85,others,Ce1
647919.cif,0.85,others,Pd7P3
105500.cif,0.85,heavy-Fermion,La1Pd2Al3
409530.cif,0.84,others,Ba4Na2Ge25
641824.cif,0.84,others,La1S1
625339.cif,0.82,others,Ta2Co1
649860.cif,0.82,others,Y7Pt3
183085.cif,0.80775,heavy-Fermion,La1Os4Sb12
161868.cif,0.805,heavy-Fermion,Ce1Ir1Ge3
424686.cif,0.8,others,K1Ni2Se2
43317.cif,0.8,others,Ru1B2
641899.cif,0.8,heavy-Fermion,La1Sb2
672813.cif,0.795,others,Ta3Al1
616874.cif,0.79,others,Bi2Ni3S2
195011.cif,0.785,others,Ta1Se1.7Te0.3
427113.cif,0.785,others,Y1Pd2Si2
164196.cif,0.783333,others,Ba1Ni2As2
604720.cif,0.78,others,Th2Ag0.5Al0.5
150225.cif,0.770429,heavy-Fermion,Ce1Ir1In5
103816.cif,0.76,others,Mo3Ga1
616761.cif,0.76,heavy-Fermion,La2Bi1
26619.cif,0.755,others,Rh1Te2
626975.cif,0.75,others,Cs1
658854.cif,0.75,others,Y6Mo4Al43
30838.cif,0.75,heavy-Fermion,La1Pd2P2
105717.cif,0.75,heavy-Fermion,Th2Pd1
58185.cif,0.75,heavy-Fermion,Th1Al3
671505.cif,0.75,heavy-Fermion,Th1Pt3B1
609742.cif,0.73,others,Zr3Al1
616879.cif,0.73,others,Bi2Ni3Se2
44324.cif,0.72,others,Ti1O1
651601.cif,0.72,others,Ta3Sb1
641054.cif,0.715,others,Ir1Sn2
602372.cif,0.71,others,K1V6S8
670727.cif,0.71,others,Ti1Co1
59473.cif,0.7,others,Pd1In1
671258.cif,0.7,heavy-Fermion,La1In3
174555.cif,0.7,heavy-Fermion,Nd1Pt4Ge12
601533.cif,0.7,heavy-Fermion,Ho1Rh4B4
197275.cif,0.69,others,Zr1Ga3
257744.cif,0.69,others,Y1V2Al20
608975.cif,0.69,others,Zr1Ni2Al1
247864.cif,0.69,heavy-Fermion,Ce2Pd1In8
620734.cif,0.676667,heavy-Fermion,Ce1Co1Ge3
102811.cif,0.67,heavy-Fermion,Th2Zn1
198663.cif,0.67,heavy-Fermion,Lu1Pd2Si2
676102.cif,0.669222,heavy-Fermion,Ce1Pt3Si1
105184.cif,0.663333,others,Os1Nb3
23005.cif,0.66,others,Sr1Ni2As2
671039.cif,0.650333,others,Os1
602373.cif,0.65,others,Rb1V6S8
106037.cif,0.65,others,V3Sb1
191274.cif,0.65,others,Pb3Ca1
603875.cif,0.65,others,Rh2P1
650529.cif,0.65,others,Y3Rh1
H1Po1.cif,0.65,h-riched,H1Po1
620930.cif,0.6497,heavy-Fermion,Ce1Cu2Si2
197134.cif,0.64,others,Pd3Sn2
616760.cif,0.64,heavy-Fermion,La5Bi3
77862.cif,0.61,others,Pa1
648840.cif,0.6,others,Pd1Se1Te1
105930.cif,0.6,others,Rh1Sn2
96228.cif,0.6,others,Ca2In1N1
990.cif,0.6,others,Ru1Sb1
108628.cif,0.6,others,Nb0.6Ru0.4
184388.cif,0.5995,heavy-Fermion,U1Co1Ge1
641591.cif,0.59,heavy-Fermion,La1Ni1Sn1
608584.cif,0.58,others,Mo3Al1
649774.cif,0.58,others,Pt1Ti3
657339.cif,0.58,others,Rh1As1
103766.cif,0.575,heavy-Fermion,La1Ga2
623774.cif,0.56,others,Hf2Co1
105977.cif,0.56,others,Y1Rh5
44921.cif,0.56,others,Lu1Se1
72260.cif,0.56,others,Na0.28O3W1
43244.cif,0.55,others,Sr2Si3
606030.cif,0.55,others,Au4Al1
236995.cif,0.55,heavy-Fermion,U1Ge2
612852.cif,0.55,heavy-Fermion,Ce1Ru3B2
647009.cif,0.54,heavy-Fermion,Ni1U6
65052.cif,0.53,others,Pd7Se2
672539.cif,0.52414,others,Cd1
671042.cif,0.501,others,Ru1
411884.cif,0.5,others,Ta1Ir1Si1
H2V1.cif,0.5,h-riched,H2V1
649758.cif,0.49,heavy-Fermion,Th7Pt3
44861.cif,0.48,others,Rh1Ge1
156997.cif,0.48,heavy-Fermion,La3Ni4Si4
416423.cif,0.48,heavy-Fermion,La1Pt2Ge2
57248.cif,0.465,heavy-Fermion,Er2Fe3Si5
197258.cif,0.46,others,Au1Zr3
431754.cif,0.46,others,K1Ni2S2
60646.cif,0.46,others,Y1Ni1Ge3
647841.cif,0.46,others,Os1Ti1
102207.cif,0.449,others,La0.5Ce0.5Ru2
43981.cif,0.44,others,In1As0.5Te0.5
150541.cif,0.44,heavy-Fermion,Th1Pt1
242099.cif,0.435,heavy-Fermion,Lu1B12
621843.cif,0.421,heavy-Fermion,Ce1Pd2Si2
185000.cif,0.41,others,Pd1Sn1
158364.cif,0.41,others,Pd2Sn1
H1Ru1.cif,0.41,h-riched,H1Ru1
58395.cif,0.4,others,Au5Ba1
76625.cif,0.4,others,Pt1Ge1
102109.cif,0.4,heavy-Fermion,Ce2Co1In8
191970.cif,0.394,heavy-Fermion,La2Ni1Ge3
672121.cif,0.39,others,Os1Al1
68028.cif,0.39,others,Sc1B12
82072.cif,0.39,others,W14P4O50
601623.cif,0.39,heavy-Fermion,La1Pd2Si2
606027.cif,0.385,others,Au0.86Al0.14
102806.cif,0.38,others,Zr2Ga1
608123.cif,0.37,others,Hf1Ni2Al1
658326.cif,0.37,others,Pt1Sn1
150819.cif,0.37,heavy-Fermion,Th1Ir1
24703.cif,0.37,heavy-Fermion,Th1B6
53661.cif,0.37,heavy-Fermion,La3Ni4Ge4
650471.cif,0.36,heavy-Fermion,Th1Rh1
621952.cif,0.356667,heavy-Fermion,Ce1Rh2Si2
108148.cif,0.35,others,Pt2Sr1
647921.cif,0.35,others,Pd3P1
645437.cif,0.345,others,Nb5Si3
636821.cif,0.345,heavy-Fermion,La1Ni2Ge2
191430.cif,0.343333,others,Pt1Al2
58407.cif,0.34,others,Au5Ca1
602384.cif,0.32,others,Cs1V6S8
192620.cif,0.32,heavy-Fermion,Ce3Pt1In11
70020.cif,0.30475,others,K1C8
600642.cif,0.303333,others,Nb5Ge3
106236.cif,0.296667,others,Zr1Zn2
612288.cif,0.29,others,Au1Sb2
612025.cif,0.28,others,Au0.8In0.2
611863.cif,0.264,others,Au0.9Ga0.1
165332.cif,0.26,others,N1S1
102779.cif,0.256,others,Ir1Cr3
191907.cif,0.25,others,Mo1B1
641905.cif,0.25,heavy-Fermion,La4Sb3
637720.cif,0.244,heavy-Fermion,U1Rh1Ge1
92576.cif,0.24,others,Ba6Ge25
104484.cif,0.24,heavy-Fermion,La1Ir2
51969.cif,0.24,heavy-Fermion,Lu1In3
187860.cif,0.235,others,Y1Cu1
602887.cif,0.23,heavy-Fermion,Yb1Pb3
641702.cif,0.23,heavy-Fermion,La1Pt2
670547.cif,0.22,others,Au1In2
106849.cif,0.216667,heavy-Fermion,Ce1Ni2Ge2
608019.cif,0.21,others,Th2Al0.5Ge0.5
634302.cif,0.21,others,Hf2Ga1
23864.cif,0.21,others,Pd4Se1
43263.cif,0.205,others,Mo1As2
629361.cif,0.2,heavy-Fermion,Th1Cu6
650522.cif,0.19,others,Rh1V3
236258.cif,0.19,heavy-Fermion,Pr1Ti2Al20
58535.cif,0.185,heavy-Fermion,Lu1Au1
609713.cif,0.175,others,Zr1Al2
624053.cif,0.175,heavy-Fermion,Lu3Co1
652301.cif,0.1725,others,Ta1Si2
672546.cif,0.17,others,Zr2Fe1
611870.cif,0.168,others,Au0.92Ga0.08
639082.cif,0.16,others,Hg1Mg3
616759.cif,0.155,heavy-Fermion,La4Bi3
617200.cif,0.141,others,Tl1Bi1Te2
603067.cif,0.14,heavy-Fermion,Ce1Pt1Si2
102028.cif,0.138,others,Cd0.9Mg0.1
74641.cif,0.135,others,Cs1C8
102958.cif,0.13,others,Cu0.82Ge0.18
641913.cif,0.13,heavy-Fermion,Y1La3Sb3
621363.cif,0.13,heavy-Fermion,Ce1In3
107717.cif,0.126,others,Ag0.667Al0.333
606040.cif,0.101,others,Al0.04Au0.92Ga0.04
104166.cif,0.1,others,Ag0.65Al0.35
407549.cif,0.095,others,Rh1In3
673897.cif,0.091333,others,Ir1
606021.cif,0.088,others,Al0.08Au0.92
181258.cif,0.085,others,Cu2Sb1
627675.cif,0.084,others,Cu0.85Ge0.15
649092.cif,0.081,others,Pd1V3
167533.cif,0.08,heavy-Fermion,Yb1B4Al1
106009.cif,0.0725,heavy-Fermion,U1Ru3
626570.cif,0.07,others,Rh1Cr3
107988.cif,0.0682,others,Au0.92Ga0.04In0.04
104567.cif,0.067,others,Ir0.9Ta0.1
68444.cif,0.066,others,Ag2F1
Li1Au2H1.cif,0.06,h-riched,Li1Au2H1
606044.cif,0.0555,others,Al0.04Au0.92In0.04
155044.cif,0.0502,others,Pb2Ag5O6
56645.cif,0.05,heavy-Fermion,Ce1Ni2B2C1
606036.cif,0.0475,others,Au1Al2
609498.cif,0.045,heavy-Fermion,Th2Al1
236263.cif,0.029667,heavy-Fermion,Pr1V2Al20
200563.cif,0.0241,others,Rb1C8
612010.cif,0.0238,others,Au0.92In0.08
628214.cif,0.021,heavy-Fermion,La1Cu6
Li2Au2H1.cif,0.02,h-riched,Li2Au2H1
198210.cif,0.0164,others,Au0.93In0.07
605379.cif,0.0074,others,Ag0.81In0.19
241784.cif,0.004157,others,Pt1
H2S1_115.cif,30,h-riched,H2S1
H2S1_122.cif,40,h-riched,H2S1
H2S1_129.cif,55,h-riched,H2S1
H2S1_135.cif,57,h-riched,H2S1
H2S1_145.cif,60,h-riched,H2S1
H2S1_155.cif,65,h-riched,H2S1
H2S1_161.cif,70,h-riched,H2S1
H3S1_175.cif,180,h-riched,H3S1
H3S1_200.cif,170,h-riched,H3S1
H3S1_225.cif,160,h-riched,H3S1
La1H10_135.cif,243,h-riched,La1H10
La1H10_145.cif,244,h-riched,La1H10
